{"cameraMode":{"drawMode":0,"name":"Shaded","section":"Shading Mode"},"sceneLighting":true,"audioPlay":false,"sceneViewState":{"m_AlwaysRefresh":false,"showFog":true,"showSkybox":true,"showFlares":true,"showImageEffects":true,"showParticleSystems":true,"showVisualEffectGraphs":true,"m_FxEnabled":true},"in2DMode":false,"pivot":{"x":-0.7276296615600586,"y":0.17356975376605988,"z":0.5349125266075134},"rotation":{"x":0.08660097420215607,"y":-0.26651501655578616,"z":0.02405121736228466,"w":0.9596336483955383},"size":1.3166877031326295,"orthographic":true}