{"cameraMode":{"drawMode":0,"name":"Shaded","section":"Shading Mode"},"sceneLighting":true,"audioPlay":false,"sceneViewState":{"m_AlwaysRefresh":false,"showFog":true,"showSkybox":true,"showFlares":true,"showImageEffects":true,"showParticleSystems":true,"showVisualEffectGraphs":true,"m_FxEnabled":true},"in2DMode":false,"pivot":{"x":0.08913355320692063,"y":0.29776880145072939,"z":0.7790862321853638},"rotation":{"x":0.12417872250080109,"y":-0.002379179699346423,"z":0.00029950367752462626,"w":0.9922634959220886},"size":2.6165835857391359,"orthographic":false}