{"cameraMode":{"drawMode":0,"name":"Shaded","section":"Shading Mode"},"sceneLighting":true,"audioPlay":false,"sceneViewState":{"m_AlwaysRefresh":false,"showFog":true,"showSkybox":true,"showFlares":true,"showImageEffects":true,"showParticleSystems":true,"showVisualEffectGraphs":true,"m_FxEnabled":true},"in2DMode":false,"pivot":{"x":0.10233623534440994,"y":1.2138224840164185,"z":-0.03857848420739174},"rotation":{"x":0.6975041627883911,"y":-0.0065730963833630089,"z":0.006393789779394865,"w":0.7165515422821045},"size":0.9455966949462891,"orthographic":true}