{"cameraMode":{"drawMode":0,"name":"Shaded","section":"Shading Mode"},"sceneLighting":true,"audioPlay":false,"sceneViewState":{"m_AlwaysRefresh":false,"showFog":true,"showSkybox":true,"showFlares":true,"showImageEffects":true,"showParticleSystems":true,"showVisualEffectGraphs":true,"m_FxEnabled":true},"in2DMode":false,"pivot":{"x":-0.7276296615600586,"y":0.17356975376605988,"z":0.5349125266075134},"rotation":{"x":0.2919607162475586,"y":-0.19700220227241517,"z":0.061588168144226077,"w":0.9338964819908142},"size":1.7146697044372559,"orthographic":true}